{"documents":{"insurance":{"status":"invalid"},"registration":{"issued_date":"10\/25\/2024","expiration_date":"01\/10\/2025"}},"price":{"discount":{"days":1},"on_sale":"false","amount":"70000"},"featured_image_index":0,"details":{"vin":{"type":"VIN","number":"8577hgg669966d55f"},"make":"Toyota","year":"2016","model":"Corolla","reg_number":"BDG 13 HD","description":"This vehicle is in Top-notch condition with good fuel mileage.\nCall us to book this ride.","exterior":{"type":"sedan","doors":"4","windows":"4","color":"Silver"},"interior":{"seats":"5","upholstery":"leather","ac":"yes","heater":"yes","color":"Grey"},"engine":{"type":"Petrol Engine","size":"2.6L - 3.0L"},"fuel":{"type":"Petrol","economy":"25-29"},"transmission":{"type":"automatic","gears":"5","drivetrain":"fwd"},"safety":{"abs":"yes","traction_control":"yes","stability_control":"yes","lane_departure_warning":"yes","lane_keeping_assist":"yes","adaptive_cruise_control":"yes","blind_spot_monitoring":"no","forward_collision_warning":"yes","automatic_emergency_braking":"yes","rear_cross_traffic_alert":"yes","parking_sensors":"yes","camera_360":"no","driver_attention_monitor":"yes","tire_pressure_monitor":"no","airbags":"front-sides-curtain","seat_belt_pretensioners":"yes","crumple_zones":"no","isofix_mounts":"no"},"security":{"alarm_system":"yes","immobilizer":"yes","remote_central_locking":"yes","gps_tracking":"yes"}},"current_step":1,"location":{"pickup":{"street":"8 undefinedOlusesi Street","city":"Lagos","state":"LA","country":"Nigeria","postal_code":"102214","latitude":6.51943719999999959924252834753133356571197509765625,"longitude":3.32058430000000015525074559263885021209716796875,"full":"8 Olusesi St, Ilasamaja, Lagos 102214, Lagos, Nigeria"},"drop_off":{"street":"8 undefinedAlh. Olusesi Street","city":"Lagos","state":"LA","country":"Nigeria","postal_code":"102214","latitude":6.51953769999999988016270435764454305171966552734375,"longitude":3.320076300000000202317096409387886524200439453125,"full":"8 Alh. Olusesi Street, Ilasamaja, Lagos 102214, Lagos, Nigeria"}},"files":{"images":[]},"owner":"100312902387"}